email_destino,nombre,asunto,message_id,status
mentxu@gmail.com,Ospina Abogados,Algo para Ospina Abogados,19f1eedc1ded9b43,sent
consultas@herrolex.es,Herrolex Despacho de Abogados,Propuesta para Herrolex Despacho de Abogados,19f1eedc657d9f26,sent
info@madridabogados.es,MADRID ABOGADOS,Algo práctico para Madrid Abogados,19f1eedcd8c9fb0c,sent
info@eliasymunozabogados.com,Bufete G.Elías y Muñoz Abogados,Propuesta para Bufete G.Elías y Muñoz Abogados,19f1eedd287287e7,sent
info@igabogadosextranjeria.com,IG Abogados Extranjería Madrid,Ideas para mejorar la captación de clientes en IG Abogados Extranjería Madrid,19f1eedd8ba54c6d,sent
info@administrativando.es,Administrativando Abogados en Madrid,Administrativando Abogados en Madrid - Tu web profesional desde 299EUR,19f1eeddf8542364,sent
danielgiron_tj@yahoo.com,Hispanidad Abogados y Asesores (Sede Madrid),Hispanidad Abogados y Asesores (Sede Madrid) - Tu web profesional desde 299EUR,19f1eede6190b808,sent
info@chabaneix.es,Chabaneix Abogados,Planes para Chabaneix Abogados,19f1eededace009a,sent
administracion@tolentinoabogados.com,Tolentino Abogados de Extranjería e Inmigración Madrid,Una idea para Tolentino Abogados,19f1eedf3cad20d2,sent
despacho@simoabogados.com,SIMÓ Abogados Penalistas,Una idea para SIMÓ Abogados Penalistas,19f1eedf82597307,sent
info@traficoayuda.es,Tráfico Ayuda | Abogado de Accidentes Madrid,Una idea para Tráfico Ayuda | Abogado de Accidentes Madrid,19f1eedffc21f2c5,sent
info@gonzalezpulidoabogados.com,González Pulido Abogados · Abogados de extranjería Madrid,González Pulido Abogados · Abogados de extranjería Madrid - Tu web profesional desde 299EUR,19f1eee074970230,sent
normacpp0513@hotmail.com,Clínica Dorsia Cirugía y Medicina Estética,Ideas para Clínica Dorsia Cirugía y Medicina Estética,19f1eee0ce5b55f4,sent
hello@businessname.com,Centro estético Madrid | INDIBA | KOAKAI,ideas para Centro estético Madrid | INDIBA | KOAKAI,19f1eee126757281,sent
pv@patriciapv.com,Eternal Beauty Clinic,Precios para Eternal Beauty Clinic,19f1eee186eabb0c,sent
centromedicoesteticoarganzuela@yahoo.es,Centro Médico Estético en Arganzuela,Propuesta para Centro Médico Estético en Arganzuela,19f1eee1ebc64b8c,sent
info@beldonbeauty.com,Centro de belleza y estética Beldon Beauty,Ideas para Beldon Beauty,19f1eee243a790df,sent
soportewellnessbeauty@gmail.com,Wellness Beauty – Estética Legazpi INDIBA® – Star & Sun,Tres opciones para Wellness Beauty – Estética Legazpi INDIBA® – Star & Sun,19f1eee2dcdf6b65,sent
%20info@clinicaesteticamadridcentro.com,Clínica Estética Madrid Centro SAPPHIRA PRIVÉ,Propuesta para SAPPHIRA PRIVÉ,19f1eee33427fdc2,sent
info@centromedicoalhambra.es,Estética Alhambra | Centro médico estético Madrid,Una idea para Estética Alhambra,19f1eee38466d1aa,sent
puertadetoledo@aleriabeauty.es,Aleria Beauty Centro de Medicina Estética y Depilación Láser,Propuesta para Aleria Beauty,19f1eee3e7f61e0b,sent
centrotrebolrjc@gmail.com,Centro Trébol Estética Avanzada,Una idea para Centro Trébol Estética Avanzada,19f1eee45e1bafd5,sent
info@herabeauty.es,Hera Beauty - Estética Avanzada,Ideas para Hera Beauty – tres opciones,19f1eee4bd584db8,sent
recepcio@cdb.cat,Clínica Dental Barcelona,Un plan para Clínica Dental Barcelona,19f1eee50da83162,sent
info@clinicapuyuelo.es,Clínica Dental Puyuelo: Dentistas en Barcelona,Una idea para Clínica Dental Puyuelo,19f1eee5660f3a77,sent
info@clinicasden.com,Clínica Dental DEN Barcelona,"Mejora tu visibilidad online, Clínica Dental DEN Barcelona",19f1eee5f8314446,sent
jose@nartperiodoncia.com,"Nart Clínica Dental , Barcelona",Algo para Nart Clínica Dental,19f1eee64435c5ec,sent
info@clinicadentalmontserrat.com,"Clínica Dental Montserrat, Barcelona",Planes digitales para Clínica Dental Montserrat,19f1eee6aa6258e1,sent
eixample@cabeceran.com,Clínica Dental Gran Via | Eixample | CABECERAN,idea para Clínica Dental Gran Via | Eixample | CABECERAN,19f1eee71597bb66,sent
info@diagonalclinicdental.com,Diagonal Clinic Dental Barcelona | Carillas Dentales | Ortodoncia Invisible,Propuesta para Diagonal Clinic Dental Barcelona,19f1eee775a2310e,sent
info@clinicablasi.com,BLASI Clínica Dental Barcelona,Propuesta para BLASI Clínica Dental Barcelona,19f1eee7d153127a,sent
info@clinicadentalpeyri.com,Clínica Dental Peyrí | Clínica Dental de Urgencias en Barcelona,Planes para Clínica Dental Peyrí en Barcelona,19f1eee82e99d4eb,sent
info@dentalclaris.es,Clínica Dental Claris | Eixample | Ortodoncia Invisible,Clínica Dental Claris | Eixample | Ortodoncia Invisible - Tu web profesional desde 299EUR,19f1eee880224cca,sent
info@clinicadentalgarriga.es,Clínica Dental Garriga - Dentista en Eixample Barcelona,Ideas para digitalizar la gestión de Clínica Dental Garriga,19f1eee8e5a73d63,sent
oviedo2@vitaldent.com,Clínica Dental Vitaldent,Ideas para Clínica Dental Vitaldent,19f1eee95d7b17a9,sent
info@veracruzdental.es,Clínica dental en Móstoles | Veracruz,Mejora la presencia digital de Clínica dental en Móstoles | Veracruz,19f1eee9b38fba86,sent
info@madridclinicadental.es,CLÍNICA DENTAL MADRID,Idea para CLÍNICA DENTAL MADRID,19f1eeea1deb30b5,sent
clinica@clinicadentalvelazquez.com,Clínica Dental Velazquez,Una sugerencia para Clínica Dental Velazquez,19f1eeea67a239f9,sent
info@puertadealcalaclinicadental.com,Clínica Dental Puerta de Alcalá Madrid,¿Clínica Dental Puerta de Alcalá? Te voy al grano,19f1eeead6e5309c,sent
info@clinicapuertadetoledo.com,Clínica dental Puerta de Toledo,Clínica dental Puerta de Toledo - Tu web profesional desde 299EUR,19f1eeeb36f2b79f,sent
gonzalo@dentalnavarro.com,Clínica Dental Navarro Madrid - Dentistas - Implantes dentales,Clínica Dental Navarro Madrid - Dentistas - Implantes dentales - Tu web profesional desde 299EUR,19f1eeeb8a2ff950,sent
info@centrodentallavapies.com,CENTRO DENTAL LAVAPIÉS,Planes digitales para CENTRO DENTAL LAVAPIÉS,19f1eeebc88ad262,sent
drsjimenez@clinicaciro.es,Clinica Ciro,Ideas para Clinica Ciro,19f1eeec3b4e53ab,sent
hola@klinik.dental,Clínica Dental Madrid | Klinik Dental®,Ideas para Clínica Dental Madrid | Klinik Dental®,19f1eeec82da6c3d,sent
clinicamadridsur@gmail.com,Clínica Dental Madrid Sur | Vallecas,Una idea para Clínica Dental Madrid Sur | Vallecas,19f1eeecfd879481,sent
clinica19santamaria@hotmail.com,Clínica Santamaría,Propuesta para Clínica Santamaría,19f1eeed56d4c15b,sent
info@clinicasturrionmonescillo.com,Clínicas Turrión Monescillo,Algo para las clínicas Turrión Monescillo,19f1eeedb7e7e127,sent
hello@blondiemadrid.com,Blondie Madrid,Unas ideas para Blondie Madrid,19f1eeee1085d794,sent
info@mybeautygolden.com,My Beauty Golden: Peluquería y Belleza en el Barrio Salamanca,Ideas para My Beauty Golden,19f1eeee901af674,sent
citas@blowdrybar.es,Blow Dry Bar - Daniele Sigigliano - Peluquería en Chueca,Propuesta para Blow Dry Bar en Chueca,19f1eeeef1cae18c,sent
peluqueria@carolinamoraga.es,"Peluquería Carolina Moraga | Balayage, Color y Keratina en Madrid",Propuesta para Peluquería Carolina Moraga,19f1eeef46c427fb,sent
info@isaacsalido.es,Espacio Isaac Salido - Peluquería & Concept Store,Espacio Isaac Salido - Peluquería & Concept Store - Tu web profesional desde 299EUR,19f1eeefac62b509,sent
info@espacioq.es,Espacio Q,Tu nueva web para Espacio Q,19f1eef01f3a55ac,sent
studio351.ventas@gmail.com,Studio by 351 - Peluquería y barberia en Madrid,Propuesta para Studio by 351,19f1eef06e155175,sent
davidlorente@davidlorente.com,David Lorente,Propuesta para David Lorente,19f1eef0deb3e2f2,sent
villalar@themadroom.com,The MadRoom | Peluquería de Lujo en Madrid,Un plan para The MadRoom que encaja con tu estilo,19f1eef12d98c1ae,sent
themenshairclub@gmail.com,The Men's Hair Club,Propuesta para The Men's Hair Club,19f1eef1915b9b68,sent
anibalmolero@gmail.com,Restaurante Villa Molero Illescas,Restaurante Villa Molero Illescas - Tu web profesional desde 299EUR,19f1eef1f5376fb3,sent
oma48bar@gmail.com,Bar OMA CAFÉ,Una idea para Bar OMA CAFÉ,19f1eef25941847c,sent
casalimagastronomiaperuana@gmail.com,Casa Lima Gastronomía Peruana,Ideas para Casa Lima Gastronomía Peruana,19f1eef2b8c36385,sent
info@casacastana.com,Casa Castaña,Casa Castaña - Tu web profesional desde 299EUR,19f1eef302a864d2,sent
neotabernaillescas@gmail.com,Neo Taberna,Ayuda con captación de clientes para Neo Taberna,19f1eef384ce68bb,sent
info@villamoleroillescas.com,Restaurante Villa Molero Illescas,Propuesta para Villa Molero Illescas,19f1eef3eccd806a,sent
cafetamisl.shop@gmail.com,Cafetami SL,Cafetami SL - Tu web profesional desde 299EUR,19f1eef45461ebf3,sent
bigbiterestaurantegrupo@gmail.com,Big Bite Restaurante,Propuesta para Big Bitte Restaurante,19f1eef49e5621fd,sent
contacto@elbohio.net,El Bohío,Propuesta para El Bohío,19f1eef4e445b2ec,sent
info@taller-madrid.es,Taller Dasercars,Propuesta para Taller Dasercars,19f1eef55e6eabf2,sent
info@midauto.es,Midauto Car Service,Una idea para Midauto Car Service,19f1eef5d40f6ce2,sent
info@madridcar.es,Madrid Car,"Ideas para Madrid Car, taller de confianza",19f1eef604e57f11,sent
info@talleresjj.es,Talleres J J,Talleres J J - Tu web profesional desde 299EUR,19f1eef67b2c1f08,sent
info@tallerrs49.es,Taller RS 49,Algo para Taller RS 49,19f1eef6f6740ff7,sent
jfmotormadrid@gmail.com,JFMotor Madrid,JFMotor Madrid - Tu web profesional desde 299EUR,19f1eef72b4ae6a6,sent
liramotors16@gmail.com,Taller Mecánico Lira Motors,Planes para Taller Mecánico Lira Motors,19f1eef7927b11bb,sent
talleressantamonica@gmail.com,Talleres Santa Mónica,Ayuda para Talleres Santa Mónica,19f1eef7e358ce17,sent
perezillan@yahoo.es,Pérez Illán Automoción,Ideas para Pérez Illán Automoción,19f1eef8440101aa,sent
